"name","type","fill","shape","size","outline","ow"
"BI/15793/68","ag","#A208BD","CIRCLE",5,"black",1
"BI/16190/68","ag","#A208BD","CIRCLE",5,"black",1
"BI/16398/68","ag","#A208BD","CIRCLE",5,"black",1
"HK/1/68","ag","#A208BD","CIRCLE",5,"black",1
"BI/808/69","ag","#A208BD","CIRCLE",5,"black",1
"BI/908/69","ag","#A208BD","CIRCLE",5,"black",1
"BI/17938/69","ag","#A208BD","CIRCLE",5,"black",1
"BI/93/70","ag","#A208BD","CIRCLE",5,"black",1
"BI/2668/70","ag","#A208BD","CIRCLE",5,"black",1
"BI/6449/71","ag","#A208BD","CIRCLE",5,"black",1
"BI/21438/71","ag","#A208BD","CIRCLE",5,"black",1
"BI/21801/71","ag","#A208BD","CIRCLE",5,"black",1
"HK/107/71","ag","#A208BD","CIRCLE",5,"black",1
"BI/6022/72","ag","#A208BD","CIRCLE",5,"black",1
"BI/21793/72","ag","#00FFE1","CIRCLE",5,"black",1
"BI/23290/72","ag","#00FFE1","CIRCLE",5,"black",1
"BI/23337/72","ag","#00FFE1","CIRCLE",5,"black",1
"EN/42/72","ag","#00FFE1","CIRCLE",5,"black",1
"BI/552/73","ag","#00FFE1","CIRCLE",5,"black",1
"BI/748/73","ag","#00FFE1","CIRCLE",5,"black",1
"BI/3517/73","ag","#00FFE1","CIRCLE",5,"black",1
"PC/1/73","ag","#00FFE1","CIRCLE",5,"black",1
"BI/5146/74","ag","#00FFE1","CIRCLE",5,"black",1
"BI/5930/74","ag","#00FFE1","CIRCLE",5,"black",1
"BI/5931/74","ag","#00FFE1","CIRCLE",5,"black",1
"BI/7398/74","ag","#00FFE1","CIRCLE",5,"black",1
"BI/9459/74","ag","#00FFE1","CIRCLE",5,"black",1
"BI/334/75","ag","#00FFE1","CIRCLE",5,"black",1
"BI/1843/75","ag","#00FFE1","CIRCLE",5,"black",1
"BI/2600/75","ag","#00FFE1","CIRCLE",5,"black",1
"BI/2813/75","ag","#00FFE1","CIRCLE",5,"black",1
"BI/4273/75","ag","#00FFE1","CIRCLE",5,"black",1
"VI/3/75","ag","#F9D004","CIRCLE",5,"black",1
"BI/628/76","ag","#AB4C00","CIRCLE",5,"black",1
"BI/1761/76","ag","#F9D004","CIRCLE",5,"black",1
"BI/2271/76","ag","#AB4C00","CIRCLE",5,"black",1
"BI/5029/76","ag","#F9D004","CIRCLE",5,"black",1
"BI/5168/76","ag","#F9D004","CIRCLE",5,"black",1
"BI/5657/76","ag","#F9D004","CIRCLE",5,"black",1
"BI/6545/76","ag","#F9D004","CIRCLE",5,"black",1
"AM/1609/77","ag","#F9D004","CIRCLE",5,"black",1
"BI/3895/77","ag","#F9D004","CIRCLE",5,"black",1
"RD/5828/77","ag","#F9D004","CIRCLE",5,"black",1
"RD/8179/77","ag","#F9D004","CIRCLE",5,"black",1
"TE/1/77","ag","#AB4C00","CIRCLE",5,"black",1
"BA/1/79","ag","#00FF00","CIRCLE",5,"black",1
"NL/209/80","ag","#00FF00","CIRCLE",5,"black",1
"RD/577/80","ag","#00FF00","CIRCLE",5,"black",1
"BI/4791/81","ag","#00FF00","CIRCLE",5,"black",1
"LY/2380/81","ag","#00FF00","CIRCLE",5,"black",1
"AL/4382/82","ag","#00FF00","CIRCLE",5,"black",1
"BI/10684/82","ag","#00FF00","CIRCLE",5,"black",1
"NL/233/82","ag","#00FF00","CIRCLE",5,"black",1
"NL/241/82","ag","#00FF00","CIRCLE",5,"black",1
"PH/2/82","ag","#00FF00","CIRCLE",5,"black",1
"OS/13676/83","ag","#00FF00","CIRCLE",5,"black",1
"CE/1/84","ag","#00FF00","CIRCLE",5,"black",1
"GF/V728/85","ag","#00FF00","CIRCLE",5,"black",1
"NL/330/85","ag","#00FF00","CIRCLE",5,"black",1
"NL/333/85","ag","#00FF00","CIRCLE",5,"black",1
"ST/10/85","ag","#00FF00","CIRCLE",5,"black",1
"WE/4/85","ag","#00FF00","CIRCLE",5,"black",1
"CO/2/86","ag","#00FF00","CIRCLE",5,"black",1
"LE/360/86","ag","#00FF00","CIRCLE",5,"black",1
"SH/11/87","ag","#0000FF","CIRCLE",5,"black",1
"SI/2/87","ag","#0000FF","CIRCLE",5,"black",1
"VI/7/87","ag","#0000FF","CIRCLE",5,"black",1
"AT/3572DASH5/88","ag","#0000FF","CIRCLE",5,"black",1
"CC/2/88","ag","#00FF00","CIRCLE",5,"black",1
"EN/427/88","ag","#0000FF","CIRCLE",5,"black",1
"NL/450/88","ag","#0000FF","CIRCLE",5,"black",1
"OK/5/88","ag","#0000FF","CIRCLE",5,"black",1
"ST/12/88","ag","#0000FF","CIRCLE",5,"black",1
"VI/1/88","ag","#0000FF","CIRCLE",5,"black",1
"AT/211/89","ag","#0000FF","CIRCLE",5,"black",1
"BE/352/89","ag","#FF0000","CIRCLE",5,"black",1
"BE/353/89","ag","#FF0000","CIRCLE",5,"black",1
"EI/3447/89","ag","#0000FF","CIRCLE",5,"black",1
"EN/138/89","ag","#0000FF","CIRCLE",5,"black",1
"GE/5007/89","ag","#0000FF","CIRCLE",5,"black",1
"GU/54/89","ag","#0000FF","CIRCLE",5,"black",1
"HK/1/89","ag","#0000FF","CIRCLE",5,"black",1
"NL/620/89","ag","#0000FF","CIRCLE",5,"black",1
"NL/650/89","ag","#0000FF","CIRCLE",5,"black",1
"NL/738/89","ag","#0000FF","CIRCLE",5,"black",1
"SP/34/89","ag","#0000FF","CIRCLE",5,"black",1
"SP/35/89","ag","#0000FF","CIRCLE",5,"black",1
"SP/36/89","ag","#0000FF","CIRCLE",5,"black",1
"SP/40/89","ag","#0000FF","CIRCLE",5,"black",1
"SP/53/89","ag","#0000FF","CIRCLE",5,"black",1
"VI/1/89","ag","#0000FF","CIRCLE",5,"black",1
"WE/5/89","ag","#0000FF","CIRCLE",5,"black",1
"WK/1/89","ag","#0000FF","CIRCLE",5,"black",1
"ME/2/90","ag","#0000FF","CIRCLE",5,"black",1
"ME/5/90","ag","#0000FF","CIRCLE",5,"black",1
"SH/24/90","ag","#0000FF","CIRCLE",5,"black",1
"SU/1/90","ag","#0000FF","CIRCLE",5,"black",1
"VI/2/90","ag","#FF0000","CIRCLE",5,"black",1
"WE/3/90","ag","#FF0000","CIRCLE",5,"black",1
"CA/1/91","ag","#0000FF","CIRCLE",5,"black",1
"EN/260/91","ag","#FF0000","CIRCLE",5,"black",1
"EN/261/91","ag","#FF0000","CIRCLE",5,"black",1
"GE/5366/91","ag","#0000FF","CIRCLE",5,"black",1
"GE/6447/91","ag","#FF0000","CIRCLE",5,"black",1
"LY/1149/91","ag","#FF0000","CIRCLE",5,"black",1
"LY/1182/91","ag","#FF0000","CIRCLE",5,"black",1
"LY/1189/91","ag","#FF0000","CIRCLE",5,"black",1
"LY/1276/91","ag","#FF0000","CIRCLE",5,"black",1
"LY/1337/91","ag","#FF0000","CIRCLE",5,"black",1
"LY/1373/91","ag","#FF0000","CIRCLE",5,"black",1
"LY/1594/91","ag","#FF0000","CIRCLE",5,"black",1
"LY/23672/91","ag","#FF0000","CIRCLE",5,"black",1
"LY/24103/91","ag","#FF0000","CIRCLE",5,"black",1
"LY/24222/91","ag","#FF0000","CIRCLE",5,"black",1
"MA/G12/91","ag","#FF0000","CIRCLE",5,"black",1
"NL/816/91","ag","#FF0000","CIRCLE",5,"black",1
"NL/891/91","ag","#FF0000","CIRCLE",5,"black",1
"ST/20/91","ag","#FF0000","CIRCLE",5,"black",1
"AM/4112/92","ag","#FF0000","CIRCLE",5,"black",1
"BE/32/92","ag","#F894F8","CIRCLE",5,"black",1
"ES/1285/92","ag","#FF0000","CIRCLE",5,"black",1
"FI/218/92","ag","#FF0000","CIRCLE",5,"black",1
"FI/220/92","ag","#FF0000","CIRCLE",5,"black",1
"FI/247/92","ag","#F894F8","CIRCLE",5,"black",1
"GE/5113/92","ag","#FF0000","CIRCLE",5,"black",1
"HO/56798/92","ag","#FF0000","CIRCLE",5,"black",1
"HO/56829/92","ag","#FF0000","CIRCLE",5,"black",1
"HO/56941/92","ag","#FF0000","CIRCLE",5,"black",1
"MA/G58/92","ag","#FF0000","CIRCLE",5,"black",1
"NI/3126/92","ag","#FF0000","CIRCLE",5,"black",1
"NI/3129/92","ag","#FF0000","CIRCLE",5,"black",1
"NL/819/92","ag","#FF0000","CIRCLE",5,"black",1
"NL/823/92","ag","#FF0000","CIRCLE",5,"black",1
"NL/935/92","ag","#FF0000","CIRCLE",5,"black",1
"NL/938/92","ag","#F894F8","CIRCLE",5,"black",1
"OV/31/92","ag","#FF0000","CIRCLE",5,"black",1
"PA/320/92","ag","#FF0000","CIRCLE",5,"black",1
"PA/325/92","ag","#FF0000","CIRCLE",5,"black",1
"PA/407/92","ag","#FF0000","CIRCLE",5,"black",1
"PA/417/92","ag","#FF0000","CIRCLE",5,"black",1
"PA/424/92","ag","#FF0000","CIRCLE",5,"black",1
"PA/457/92","ag","#FF0000","CIRCLE",5,"black",1
"PA/467/92","ag","#FF0000","CIRCLE",5,"black",1
"PA/490/92","ag","#FF0000","CIRCLE",5,"black",1
"PA/512/92","ag","#FF0000","CIRCLE",5,"black",1
"PA/548/92","ag","#FF0000","CIRCLE",5,"black",1
"PA/564/92","ag","#FF0000","CIRCLE",5,"black",1
"PA/583/92","ag","#FF0000","CIRCLE",5,"black",1
"PA/597/92","ag","#FF0000","CIRCLE",5,"black",1
"PA/614/92","ag","#FF0000","CIRCLE",5,"black",1
"RD/100540/92","ag","#FF0000","CIRCLE",5,"black",1
"SA/8/92","ag","#FF0000","CIRCLE",5,"black",1
"SA/23/92","ag","#FF0000","CIRCLE",5,"black",1
"SA/27/92","ag","#FF0000","CIRCLE",5,"black",1
"SE/C273/92","ag","#F894F8","CIRCLE",5,"black",1
"ST/7/92","ag","#FF0000","CIRCLE",5,"black",1
"ST/8/92","ag","#FF0000","CIRCLE",5,"black",1
"ST/12/92","ag","#F894F8","CIRCLE",5,"black",1
"ST/13/92","ag","#FF0000","CIRCLE",5,"black",1
"TI/5957/92","ag","#FF0000","CIRCLE",5,"black",1
"UM/1982/92","ag","#FF0000","CIRCLE",5,"black",1
"UM/2000/92","ag","#FF0000","CIRCLE",5,"black",1
"VI/33/92","ag","#FF0000","CIRCLE",5,"black",1
"VI/68/92","ag","#FF0000","CIRCLE",5,"black",1
"AK/4/93","ag","#F894F8","CIRCLE",5,"black",1
"ES/5458/93","ag","#FF0000","CIRCLE",5,"black",1
"GD/25/93","ag","#F894F8","CIRCLE",5,"black",1
"LY/672/93","ag","#F894F8","CIRCLE",5,"black",1
"LY/1803/93","ag","#F894F8","CIRCLE",5,"black",1
"LY/1815/93","ag","#F894F8","CIRCLE",5,"black",1
"LY/22686/93","ag","#F894F8","CIRCLE",5,"black",1
"LY/23602/93","ag","#F894F8","CIRCLE",5,"black",1
"MA/G101/93","ag","#FF0000","CIRCLE",5,"black",1
"MA/G102/93","ag","#F894F8","CIRCLE",5,"black",1
"MA/G109/93","ag","#F894F8","CIRCLE",5,"black",1
"MA/G116/93","ag","#FF0000","CIRCLE",5,"black",1
"MA/G122/93","ag","#F894F8","CIRCLE",5,"black",1
"MA/G130/93","ag","#F894F8","CIRCLE",5,"black",1
"MA/G252/93","ag","#37802B","CIRCLE",5,"black",1
"NL/3/93","ag","#F894F8","CIRCLE",5,"black",1
"NL/17/93","ag","#F894F8","CIRCLE",5,"black",1
"NL/101/93","ag","#F894F8","CIRCLE",5,"black",1
"NL/115/93","ag","#F894F8","CIRCLE",5,"black",1
"NL/126/93","ag","#F894F8","CIRCLE",5,"black",1
"NL/165/93","ag","#FF0000","CIRCLE",5,"black",1
"NL/179/93","ag","#F894F8","CIRCLE",5,"black",1
"NL/241/93","ag","#F894F8","CIRCLE",5,"black",1
"NL/357/93","ag","#F894F8","CIRCLE",5,"black",1
"NL/371/93","ag","#F894F8","CIRCLE",5,"black",1
"NL/372/93","ag","#37802B","CIRCLE",5,"black",1
"NL/398/93","ag","#F894F8","CIRCLE",5,"black",1
"NL/399/93","ag","#37802B","CIRCLE",5,"black",1
"NL/440/93","ag","#F894F8","CIRCLE",5,"black",1
"OS/2219/93","ag","#F894F8","CIRCLE",5,"black",1
"OS/2352/93","ag","#F894F8","CIRCLE",5,"black",1
"PA/287/93","ag","#FF0000","CIRCLE",5,"black",1
"SD/9/93","ag","#F894F8","CIRCLE",5,"black",1
"SG/6/93","ag","#F894F8","CIRCLE",5,"black",1
"SL/142/93","ag","#F894F8","CIRCLE",5,"black",1
"SL/160/93","ag","#F894F8","CIRCLE",5,"black",1
"SP/3/93","ag","#F894F8","CIRCLE",5,"black",1
"SP/19/93","ag","#37802B","CIRCLE",5,"black",1
"ST/20/93","ag","#F894F8","CIRCLE",5,"black",1
"VI/104/93","ag","#F894F8","CIRCLE",5,"black",1
"WE/59/93","ag","#F894F8","CIRCLE",5,"black",1
"YA/56/93","ag","#F894F8","CIRCLE",5,"black",1
"YA/61/93","ag","#F894F8","CIRCLE",5,"black",1
"YA/62/93","ag","#F894F8","CIRCLE",5,"black",1
"EN/7/94","ag","#37802B","CIRCLE",5,"black",1
"HK/1/94","ag","#F894F8","CIRCLE",5,"black",1
"HK/2/94","ag","#F894F8","CIRCLE",5,"black",1
"HK/55/94","ag","#F894F8","CIRCLE",5,"black",1
"HK/56/94","ag","#F894F8","CIRCLE",5,"black",1
"JO/33/94","ag","#F894F8","CIRCLE",5,"black",1
"JO/47/94","ag","#F894F8","CIRCLE",5,"black",1
"NL/18/94","ag","#F894F8","CIRCLE",5,"black",1
"SA/15/94","ag","#F894F8","CIRCLE",5,"black",1
"SA/25/94","ag","#F894F8","CIRCLE",5,"black",1
"FI/338/95","ag","#37802B","CIRCLE",5,"black",1
"FI/339/95","ag","#37802B","CIRCLE",5,"black",1
"FI/381/95","ag","#37802B","CIRCLE",5,"black",1
"GE/A9509/95","ag","#37802B","CIRCLE",5,"black",1
"HK/3/95","ag","#F894F8","CIRCLE",5,"black",1
"HK/32/95","ag","#F894F8","CIRCLE",5,"black",1
"HK/38/95","ag","#F894F8","CIRCLE",5,"black",1
"HK/49/95","ag","#37802B","CIRCLE",5,"black",1
"HK/55/95","ag","#37802B","CIRCLE",5,"black",1
"LY/2279/95","ag","#37802B","CIRCLE",5,"black",1
"NA/933/95","ag","#37802B","CIRCLE",5,"black",1
"NL/1/95","ag","#F894F8","CIRCLE",5,"black",1
"NL/271/95","ag","#37802B","CIRCLE",5,"black",1
"ST/506/95","ag","#F894F8","CIRCLE",5,"black",1
"VI/75/95","ag","#F894F8","CIRCLE",5,"black",1
"WU/359/95","ag","#37802B","CIRCLE",5,"black",1
"BR/8/96","ag","#37802B","CIRCLE",5,"black",1
"GE/3958/96","ag","#37802B","CIRCLE",5,"black",1
"HK/20/96","ag","#37802B","CIRCLE",5,"black",1
"HK/42/96","ag","#F894F8","CIRCLE",5,"black",1
"HK/357/96","ag","#37802B","CIRCLE",5,"black",1
"HK/358/96","ag","#37802B","CIRCLE",5,"black",1
"HK/434/96","ag","#F894F8","CIRCLE",5,"black",1
"LY/1781/96","ag","#37802B","CIRCLE",5,"black",1
"NL/91/96","ag","#F894F8","CIRCLE",5,"black",1
"SP/1/96","ag","#37802B","CIRCLE",5,"black",1
"AU/10/97","ag","#00AFFF","CIRCLE",5,"black",1
"HK/1/97","ag","#37802B","CIRCLE",5,"black",1
"HK/280/97","ag","#37802B","CIRCLE",5,"black",1
"JO/10/97","ag","#37802B","CIRCLE",5,"black",1
"NE/491/97","ag","#37802B","CIRCLE",5,"black",1
"NL/300/97","ag","#00AFFF","CIRCLE",5,"black",1
"OS/21/97","ag","#37802B","CIRCLE",5,"black",1
"OS/244/97","ag","#37802B","CIRCLE",5,"black",1
"SY/5/97","ag","#00AFFF","CIRCLE",5,"black",1
"NL/5/98","ag","#37802B","CIRCLE",5,"black",1
"NL/414/98","ag","#00AFFF","CIRCLE",5,"black",1
"NL/427/98","ag","#00AFFF","CIRCLE",5,"black",1
"NL/462/98","ag","#00AFFF","CIRCLE",5,"black",1
"MW/10/99","ag","#00AFFF","CIRCLE",5,"black",1
"NL/301/99","ag","#00AFFF","CIRCLE",5,"black",1
"PM/2007/99","ag","#00AFFF","CIRCLE",5,"black",1
"NL/3/00","ag","#00AFFF","CIRCLE",5,"black",1
"NL/118/01","ag","#00AFFF","CIRCLE",5,"black",1
"NL/124/01","ag","#00AFFF","CIRCLE",5,"black",1
"NL/126/01","ag","#00AFFF","CIRCLE",5,"black",1
"FU/411/02","ag","#FFD700","CIRCLE",5,"black",1
"NL/1/02","ag","#00AFFF","CIRCLE",5,"black",1
"NL/120/02","ag","#00AFFF","CIRCLE",5,"black",1
"FI/170/03","ag","#FFD700","CIRCLE",5,"black",1
"NL/20/03","ag","#00AFFF","CIRCLE",5,"black",1
"NL/22/03","ag","#FFD700","CIRCLE",5,"black",1
"NL/213/03","ag","#FFD700","CIRCLE",5,"black",1
"NL/217/03","ag","#FFD700","CIRCLE",5,"black",1
"NL/222/03","ag","#FFD700","CIRCLE",5,"black",1
"HK/1/68","sr","transparent","BOX",5,"black",1
"HK/107/71","sr","transparent","BOX",5,"black",1
"BI/21793/72","sr","transparent","BOX",5,"black",1
"EN/42/72","sr","transparent","BOX",5,"black",1
"PC/1/73","sr","transparent","BOX",5,"black",1
"BI/5930/74","sr","transparent","BOX",5,"black",1
"SL/840/74","sr","transparent","BOX",5,"black",1
"VI/3A/75","sr","transparent","BOX",5,"black",1
"VI/3C/75","sr","transparent","BOX",5,"black",1
"AM/1609/77","sr","transparent","BOX",5,"black",1
"TE/1A/77","sr","transparent","BOX",5,"black",1
"TE/1B/77","sr","transparent","BOX",5,"black",1
"BI/2461/78","sr","transparent","BOX",5,"black",1
"BA/1/79","sr","transparent","BOX",5,"black",1
"BA/2/79","sr","transparent","BOX",5,"black",1
"EN/496/80","sr","transparent","BOX",5,"black",1
"NL/209/80","sr","transparent","BOX",5,"black",1
"RD/577/80","sr","transparent","BOX",5,"black",1
"SH/31/80","sr","transparent","BOX",5,"black",1
"NL/233/82","sr","transparent","BOX",5,"black",1
"NL/241/82","sr","transparent","BOX",5,"black",1
"PH/2/82","sr","transparent","BOX",5,"black",1
"PH/2V/82","sr","transparent","BOX",5,"black",1
"CE/1A/84","sr","transparent","BOX",5,"black",1
"CE/1B/84","sr","transparent","BOX",5,"black",1
"CC/4/85","sr","transparent","BOX",5,"black",1
"NL/330/85","sr","transparent","BOX",5,"black",1
"NL/333/85","sr","transparent","BOX",5,"black",1
"ST/10/85","sr","transparent","BOX",5,"black",1
"WE/4/85","sr","transparent","BOX",5,"black",1
"CO/2/86","sr","transparent","BOX",5,"black",1
"LE/360/86","sr","transparent","BOX",5,"black",1
"SH/11/87","sr","transparent","BOX",5,"black",1
"SI/2/87","sr","transparent","BOX",5,"black",1
"VI/7/87","sr","transparent","BOX",5,"black",1
"NL/450/88","sr","transparent","BOX",5,"black",1
"BE/353/89","sr","transparent","BOX",5,"black",1
"GU/54/89","sr","transparent","BOX",5,"black",1
"NL/620/89","sr","transparent","BOX",5,"black",1
"HK/34/90","sr","transparent","BOX",5,"black",1
"VI/2/90","sr","transparent","BOX",5,"black",1
"LY/1149/91","sr","transparent","BOX",5,"black",1
"BE/32A/92","sr","transparent","BOX",5,"black",1
"BE/32V/92","sr","transparent","BOX",5,"black",1
"BE/32B/92","sr","transparent","BOX",5,"black",1
"GD/25/93","sr","transparent","BOX",5,"black",1
"MA/G252/93","sr","transparent","BOX",5,"black",1
"OS/2352/93","sr","transparent","BOX",5,"black",1
"SD/9/93","sr","transparent","BOX",5,"black",1
"JO/33/94","sr","transparent","BOX",5,"black",1
"NL/18/94","sr","transparent","BOX",5,"black",1
"PR/413/94","sr","transparent","BOX",5,"black",1
"FI/338/95","sr","transparent","BOX",5,"black",1
"GE/A9509/95","sr","transparent","BOX",5,"black",1
"LY/2279/95","sr","transparent","BOX",5,"black",1
"NA/933/95","sr","transparent","BOX",5,"black",1
"NL/1/95","sr","transparent","BOX",5,"black",1
"NL/47/95","sr","transparent","BOX",5,"black",1
"NL/218/95","sr","transparent","BOX",5,"black",1
"WU/359B/95","sr","transparent","BOX",5,"black",1
"BR/8/96","sr","transparent","BOX",5,"black",1
"NL/172/96","sr","transparent","BOX",5,"black",1
"SP/1/96","sr","transparent","BOX",5,"black",1
"AU/10/97","sr","transparent","BOX",5,"black",1
"NL/286/97","sr","transparent","BOX",5,"black",1
"SY/5A/97","sr","transparent","BOX",5,"black",1
"SY/5B/97","sr","transparent","BOX",5,"black",1
"SY/5HAY/97","sr","transparent","BOX",5,"black",1
"SY/5V/97","sr","transparent","BOX",5,"black",1
"NL/5/98","sr","transparent","BOX",5,"black",1
"MW/10/99","sr","transparent","BOX",5,"black",1
"PM/2007/99","sr","transparent","BOX",5,"black",1
"NL/118/01","sr","transparent","BOX",5,"black",1
"NL/124/01","sr","transparent","BOX",5,"black",1
"NL/126/01","sr","transparent","BOX",5,"black",1
"FU/411/02","sr","transparent","BOX",5,"black",1
"NL/1/02","sr","transparent","BOX",5,"black",1
"NL/22/03","sr","transparent","BOX",5,"black",1
"NL/88/03","sr","transparent","BOX",5,"black",1
